{"cameraMode":{"drawMode":0,"name":"Shaded","section":"Shading Mode"},"sceneLighting":false,"audioPlay":false,"sceneViewState":{"showFog":true,"showMaterialUpdate":true,"showSkybox":false,"showFlares":true,"showImageEffects":true,"showParticleSystems":true},"in2DMode":false,"pivot":{"x":-0.037564247846603397,"y":2.0948381423950197,"z":0.4032100439071655},"rotation":{"x":-0.0675039291381836,"y":-0.9308077692985535,"z":0.22734645009040833,"w":-0.27871111035346987},"size":0.41034066677093508,"orthographic":false}