{"cameraMode":{"drawMode":0,"name":"Shaded","section":"Shading Mode"},"sceneLighting":false,"audioPlay":false,"sceneViewState":{"showFog":true,"showMaterialUpdate":true,"showSkybox":false,"showFlares":true,"showImageEffects":true,"showParticleSystems":true},"in2DMode":false,"pivot":{"x":-2.5289483070373537,"y":0.5683951377868652,"z":2.5169601440429689},"rotation":{"x":0.11248686164617539,"y":-0.36383360624313357,"z":0.04355458542704582,"w":0.9237967729568481},"size":3.759119749069214,"orthographic":false}