{"cameraMode":{"drawMode":0,"name":"Shaded","section":"Shading Mode"},"sceneLighting":true,"audioPlay":false,"sceneViewState":{"showFog":true,"showMaterialUpdate":true,"showSkybox":true,"showFlares":true,"showImageEffects":true,"showParticleSystems":true},"in2DMode":false,"pivot":{"x":-73.9703140258789,"y":-78.12934112548828,"z":32.639251708984378},"rotation":{"x":0.06772781163454056,"y":0.8353319764137268,"z":-0.10515470057725907,"w":0.5354617834091187},"size":3.45709228515625,"orthographic":false}