{"cameraMode":{"drawMode":0,"name":"Shaded","section":"Shading Mode"},"sceneLighting":true,"audioPlay":false,"sceneViewState":{"showFog":true,"showMaterialUpdate":true,"showSkybox":true,"showFlares":true,"showImageEffects":true,"showParticleSystems":true},"in2DMode":false,"pivot":{"x":-187.4758758544922,"y":-40.073089599609378,"z":22.056976318359376},"rotation":{"x":-0.020208584144711496,"y":-0.9698851108551025,"z":0.22749416530132295,"w":-0.08591493964195252},"size":16.133758544921876,"orthographic":false}