{"cameraMode":{"drawMode":0,"name":"Shaded","section":"Shading Mode"},"sceneLighting":true,"audioPlay":false,"sceneViewState":{"showFog":true,"showMaterialUpdate":false,"showSkybox":false,"showFlares":true,"showImageEffects":true,"showParticleSystems":true},"in2DMode":false,"pivot":{"x":-6.928321361541748,"y":-37.02352523803711,"z":-26.886226654052736},"rotation":{"x":0.11429385095834732,"y":-0.8089944124221802,"z":0.5520166158676148,"w":0.1672404259443283},"size":0.4447239637374878,"orthographic":false}