{"cameraMode":{"drawMode":0,"name":"Shaded","section":"Shading Mode"},"sceneLighting":false,"audioPlay":false,"sceneViewState":{"showFog":true,"showMaterialUpdate":true,"showSkybox":false,"showFlares":true,"showImageEffects":true,"showParticleSystems":true},"in2DMode":false,"pivot":{"x":-6.100004196166992,"y":-4.777034759521484,"z":1.6329710483551026},"rotation":{"x":-0.252641499042511,"y":0.577201247215271,"z":-0.1928369253873825,"w":-0.7523677349090576},"size":4.042263984680176,"orthographic":false}