{"cameraMode":{"drawMode":0,"name":"Shaded","section":"Shading Mode"},"sceneLighting":false,"audioPlay":false,"sceneViewState":{"showFog":true,"showMaterialUpdate":false,"showSkybox":false,"showFlares":true,"showImageEffects":true,"showParticleSystems":true},"in2DMode":false,"pivot":{"x":-30.575891494750978,"y":-51.905853271484378,"z":-28.487672805786134},"rotation":{"x":-0.20379729568958283,"y":0.6977622509002686,"z":-0.21837611496448518,"w":-0.6511771082878113},"size":15.002555847167969,"orthographic":false}