{"cameraMode":{"drawMode":0,"name":"Shaded","section":"Shading Mode"},"sceneLighting":false,"audioPlay":false,"sceneViewState":{"showFog":true,"showMaterialUpdate":true,"showSkybox":false,"showFlares":true,"showImageEffects":true,"showParticleSystems":true},"in2DMode":false,"pivot":{"x":-0.3006831705570221,"y":0.12671075761318208,"z":0.2558083236217499},"rotation":{"x":-0.011946738697588444,"y":-0.9541682600975037,"z":0.03901327773928642,"w":-0.2967880368232727},"size":0.0632321834564209,"orthographic":false}