{"cameraMode":{"drawMode":0,"name":"Shaded","section":"Shading Mode"},"sceneLighting":true,"audioPlay":false,"sceneViewState":{"showFog":true,"showMaterialUpdate":true,"showSkybox":true,"showFlares":true,"showImageEffects":true,"showParticleSystems":true},"in2DMode":false,"pivot":{"x":5.2460784912109379,"y":-0.3038743734359741,"z":1.6218397617340088},"rotation":{"x":0.3011166751384735,"y":0.14996501803398133,"z":-0.048549920320510867,"w":0.9406280517578125},"size":1.275202989578247,"orthographic":false}