{"cameraMode":{"drawMode":0,"name":"Shaded","section":"Shading Mode"},"sceneLighting":false,"audioPlay":false,"sceneViewState":{"showFog":true,"showMaterialUpdate":true,"showSkybox":false,"showFlares":true,"showImageEffects":true,"showParticleSystems":true},"in2DMode":false,"pivot":{"x":0.28786101937294009,"y":-0.03652995824813843,"z":-0.12486696243286133},"rotation":{"x":-0.05030239373445511,"y":-0.8521141409873962,"z":0.08371113985776901,"w":-0.5143431425094605},"size":0.42823994159698489,"orthographic":false}