{"cameraMode":{"drawMode":0,"name":"Shaded","section":"Shading Mode"},"sceneLighting":true,"audioPlay":false,"sceneViewState":{"showFog":true,"showMaterialUpdate":true,"showSkybox":true,"showFlares":true,"showImageEffects":true,"showParticleSystems":true},"in2DMode":false,"pivot":{"x":-30.435226440429689,"y":-21.303817749023439,"z":14.030889511108399},"rotation":{"x":0.15897013247013093,"y":0.6955276727676392,"z":-0.16193519532680512,"w":0.6818459630012512},"size":0.363232284784317,"orthographic":false}