{"cameraMode":{"drawMode":0,"name":"Shaded","section":"Shading Mode"},"sceneLighting":false,"audioPlay":false,"sceneViewState":{"showFog":true,"showMaterialUpdate":true,"showSkybox":false,"showFlares":true,"showImageEffects":true,"showParticleSystems":true},"in2DMode":false,"pivot":{"x":-0.012086674571037293,"y":-0.09280054271221161,"z":-0.6045763492584229},"rotation":{"x":-0.00714445486664772,"y":0.993374228477478,"z":-0.0815049409866333,"w":-0.08257624506950379},"size":0.4422643780708313,"orthographic":false}