{"cameraMode":{"drawMode":0,"name":"Shaded","section":"Shading Mode"},"sceneLighting":false,"audioPlay":false,"sceneViewState":{"showFog":true,"showMaterialUpdate":true,"showSkybox":false,"showFlares":true,"showImageEffects":true,"showParticleSystems":true},"in2DMode":false,"pivot":{"x":2.60770320892334e-7,"y":-0.00905105471611023,"z":-0.0488491952419281},"rotation":{"x":-0.03576919063925743,"y":-0.8594285845756531,"z":0.0610492005944252,"w":-0.5065176486968994},"size":0.42824000120162966,"orthographic":false}