{"cameraMode":{"drawMode":0,"name":"Shaded","section":"Shading Mode"},"sceneLighting":false,"audioPlay":false,"sceneViewState":{"showFog":true,"showMaterialUpdate":true,"showSkybox":false,"showFlares":true,"showImageEffects":true,"showParticleSystems":true},"in2DMode":false,"pivot":{"x":0.004540681838989258,"y":0.0010066032409667969,"z":-0.41840553283691409},"rotation":{"x":0.03605176880955696,"y":-0.7338348031044006,"z":0.03936342895030975,"w":0.6773561239242554},"size":3.0936100482940676,"orthographic":false}