{"cameraMode":{"drawMode":0,"name":"Shaded","section":"Shading Mode"},"sceneLighting":false,"audioPlay":false,"sceneViewState":{"showFog":true,"showMaterialUpdate":true,"showSkybox":false,"showFlares":true,"showImageEffects":true,"showParticleSystems":true},"in2DMode":false,"pivot":{"x":-0.18773066997528077,"y":-0.058466602116823199,"z":0.9272969961166382},"rotation":{"x":-0.07574160397052765,"y":-0.9046760201454163,"z":0.37771832942962649,"w":-0.18296726047992707},"size":1.956136703491211,"orthographic":false}