{"cameraMode":{"drawMode":0,"name":"Shaded","section":"Shading Mode"},"sceneLighting":true,"audioPlay":false,"sceneViewState":{"showFog":true,"showMaterialUpdate":true,"showSkybox":false,"showFlares":true,"showImageEffects":true,"showParticleSystems":true},"in2DMode":false,"pivot":{"x":-18.3597354888916,"y":-9.206221580505371,"z":-5.254090785980225},"rotation":{"x":0.13233771920204163,"y":-0.7801487445831299,"z":0.17635351419448853,"w":0.5854700207710266},"size":11.549159049987793,"orthographic":false}