{"cameraMode":{"drawMode":0,"name":"Shaded","section":"Shading Mode"},"sceneLighting":false,"audioPlay":false,"sceneViewState":{"showFog":true,"showMaterialUpdate":false,"showSkybox":false,"showFlares":true,"showImageEffects":true,"showParticleSystems":true},"in2DMode":false,"pivot":{"x":10.204340934753418,"y":-8.375479698181153,"z":-4.990246772766113},"rotation":{"x":0.1989133507013321,"y":0.7339931726455689,"z":-0.24234089255332948,"w":0.6024620532989502},"size":11.384490013122559,"orthographic":false}