{"cameraMode":{"drawMode":0,"name":"Shaded","section":"Shading Mode"},"sceneLighting":false,"audioPlay":false,"sceneViewState":{"showFog":true,"showMaterialUpdate":false,"showSkybox":false,"showFlares":true,"showImageEffects":true,"showParticleSystems":true},"in2DMode":false,"pivot":{"x":-4.692868709564209,"y":-0.6554462909698486,"z":2.4127588272094728},"rotation":{"x":0.1768353134393692,"y":-0.561211884021759,"z":0.12421154975891113,"w":0.7990123629570007},"size":9.882988929748536,"orthographic":false}