{"cameraMode":{"drawMode":0,"name":"Shaded","section":"Shading Mode"},"sceneLighting":false,"audioPlay":false,"sceneViewState":{"showFog":true,"showMaterialUpdate":true,"showSkybox":false,"showFlares":true,"showImageEffects":true,"showParticleSystems":true},"in2DMode":false,"pivot":{"x":5.716172218322754,"y":1.1947778463363648,"z":0.631496787071228},"rotation":{"x":-0.3589104115962982,"y":-0.17983496189117433,"z":0.0703469067811966,"w":-0.9132587909698486},"size":0.3752029538154602,"orthographic":false}