{"cameraMode":{"drawMode":0,"name":"Shaded","section":"Shading Mode"},"sceneLighting":false,"audioPlay":false,"sceneViewState":{"showFog":true,"showMaterialUpdate":true,"showSkybox":false,"showFlares":true,"showImageEffects":true,"showParticleSystems":true},"in2DMode":false,"pivot":{"x":0.0,"y":0.05879753828048706,"z":-0.049374617636203769},"rotation":{"x":-0.3560396134853363,"y":-0.5651166439056397,"z":0.29541853070259097,"w":-0.6832984089851379},"size":0.41655051708221438,"orthographic":false}