{"cameraMode":{"drawMode":0,"name":"Shaded","section":"Shading Mode"},"sceneLighting":false,"audioPlay":false,"sceneViewState":{"showFog":true,"showMaterialUpdate":true,"showSkybox":false,"showFlares":true,"showImageEffects":true,"showParticleSystems":true},"in2DMode":false,"pivot":{"x":-30.660430908203126,"y":-21.20808982849121,"z":13.982745170593262},"rotation":{"x":-0.10073073208332062,"y":0.8948501348495483,"z":-0.2557055354118347,"w":-0.3518751859664917},"size":10.0,"orthographic":false}