{"cameraMode":{"drawMode":0,"name":"Shaded","section":"Shading Mode"},"sceneLighting":false,"audioPlay":false,"sceneViewState":{"showFog":true,"showMaterialUpdate":true,"showSkybox":false,"showFlares":true,"showImageEffects":true,"showParticleSystems":true},"in2DMode":false,"pivot":{"x":0.8599247932434082,"y":2.8801212310791017,"z":1.0424485206604005},"rotation":{"x":-0.06354410201311112,"y":-0.8734652400016785,"z":0.11967899650335312,"w":-0.46799957752227785},"size":3.1103403568267824,"orthographic":false}