{"cameraMode":{"drawMode":0,"name":"Shaded","section":"Shading Mode"},"sceneLighting":true,"audioPlay":false,"sceneViewState":{"showFog":true,"showMaterialUpdate":true,"showSkybox":true,"showFlares":true,"showImageEffects":true,"showParticleSystems":true},"in2DMode":false,"pivot":{"x":-205.75961303710938,"y":-27.879961013793947,"z":59.333499908447269},"rotation":{"x":0.006907000206410885,"y":0.9662457704544067,"z":-0.025478636845946313,"w":0.25666600465774538},"size":0.9428145289421082,"orthographic":false}