{"cameraMode":{"drawMode":0,"name":"Shaded","section":"Shading Mode"},"sceneLighting":false,"audioPlay":false,"sceneViewState":{"showFog":true,"showMaterialUpdate":false,"showSkybox":false,"showFlares":true,"showImageEffects":true,"showParticleSystems":true},"in2DMode":false,"pivot":{"x":25.399288177490236,"y":4.691797256469727,"z":7.233463287353516},"rotation":{"x":0.03666244447231293,"y":0.9038223028182983,"z":-0.079120934009552,"w":0.41902849078178408},"size":9.245320320129395,"orthographic":false}