{"cameraMode":{"drawMode":0,"name":"Shaded","section":"Shading Mode"},"sceneLighting":true,"audioPlay":false,"sceneViewState":{"showFog":true,"showMaterialUpdate":true,"showSkybox":false,"showFlares":true,"showImageEffects":true,"showParticleSystems":true},"in2DMode":false,"pivot":{"x":0.008846711367368698,"y":-0.02072659321129322,"z":-20.660236358642579},"rotation":{"x":-0.000013632250556838699,"y":-1.0000150203704835,"z":-0.0011901778634637595,"w":-0.0012048704084008933},"size":10.838809967041016,"orthographic":false}