{"cameraMode":{"drawMode":0,"name":"Shaded","section":"Shading Mode"},"sceneLighting":false,"audioPlay":false,"sceneViewState":{"showFog":true,"showMaterialUpdate":true,"showSkybox":false,"showFlares":true,"showImageEffects":true,"showParticleSystems":true},"in2DMode":false,"pivot":{"x":-8.39268684387207,"y":-11.973457336425782,"z":-17.334400177001954},"rotation":{"x":-0.07901249825954437,"y":-0.5261613726615906,"z":0.04939540848135948,"w":-0.8453726768493652},"size":0.363232284784317,"orthographic":false}