{"cameraMode":{"drawMode":0,"name":"Shaded","section":"Shading Mode"},"sceneLighting":false,"audioPlay":false,"sceneViewState":{"showFog":true,"showMaterialUpdate":true,"showSkybox":false,"showFlares":true,"showImageEffects":true,"showParticleSystems":true},"in2DMode":false,"pivot":{"x":2.8989999294281008,"y":-18.33726692199707,"z":-7.450580596923828e-9},"rotation":{"x":0.0006205577519722283,"y":0.7492416501045227,"z":-0.6623208522796631,"w":0.0006875928957015276},"size":0.10089521110057831,"orthographic":false}