{"cameraMode":{"drawMode":0,"name":"Shaded","section":"Shading Mode"},"sceneLighting":false,"audioPlay":false,"sceneViewState":{"showFog":true,"showMaterialUpdate":true,"showSkybox":false,"showFlares":true,"showImageEffects":true,"showParticleSystems":true},"in2DMode":false,"pivot":{"x":3.8174800872802736,"y":1.252957820892334,"z":2.7944231033325197},"rotation":{"x":-0.2964346706867218,"y":0.09182912111282349,"z":-0.02876141294836998,"w":-0.9502507448196411},"size":2.725348949432373,"orthographic":false}