{"cameraMode":{"drawMode":0,"name":"Shaded","section":"Shading Mode"},"sceneLighting":false,"audioPlay":false,"sceneViewState":{"showFog":true,"showMaterialUpdate":true,"showSkybox":false,"showFlares":true,"showImageEffects":true,"showParticleSystems":true},"in2DMode":false,"pivot":{"x":0.13969168066978455,"y":-0.08684764057397843,"z":-0.04916156828403473},"rotation":{"x":0.07539941370487213,"y":0.9142406582832336,"z":-0.20159295201301576,"w":0.3437184989452362},"size":0.4422643780708313,"orthographic":false}