{"cameraMode":{"drawMode":0,"name":"Shaded","section":"Shading Mode"},"sceneLighting":false,"audioPlay":false,"sceneViewState":{"showFog":true,"showMaterialUpdate":true,"showSkybox":false,"showFlares":true,"showImageEffects":true,"showParticleSystems":true},"in2DMode":false,"pivot":{"x":-31.898914337158204,"y":-21.939550399780275,"z":12.557974815368653},"rotation":{"x":-0.0387103296816349,"y":0.921290397644043,"z":-0.09514734894037247,"w":-0.37515175342559817},"size":10.0,"orthographic":false}