{"cameraMode":{"drawMode":0,"name":"Shaded","section":"Shading Mode"},"sceneLighting":true,"audioPlay":false,"sceneViewState":{"showFog":true,"showMaterialUpdate":true,"showSkybox":false,"showFlares":true,"showImageEffects":true,"showParticleSystems":true},"in2DMode":false,"pivot":{"x":0.9736115336418152,"y":-0.7909582853317261,"z":0.14838624000549317},"rotation":{"x":-0.12158534675836563,"y":-0.7923826575279236,"z":0.1678980588912964,"w":-0.5737453699111939},"size":1.352165699005127,"orthographic":false}