{"cameraMode":{"drawMode":0,"name":"Shaded","section":"Shading Mode"},"sceneLighting":true,"audioPlay":false,"sceneViewState":{"showFog":true,"showMaterialUpdate":false,"showSkybox":false,"showFlares":true,"showImageEffects":true,"showParticleSystems":true},"in2DMode":false,"pivot":{"x":-7.694705009460449,"y":-36.85246276855469,"z":-26.694692611694337},"rotation":{"x":0.24616454541683198,"y":-0.7473894953727722,"z":0.49045422673225405,"w":0.37482497096061709},"size":1.0447239875793458,"orthographic":false}