{"cameraMode":{"drawMode":0,"name":"Shaded","section":"Shading Mode"},"sceneLighting":false,"audioPlay":false,"sceneViewState":{"showFog":true,"showMaterialUpdate":true,"showSkybox":false,"showFlares":true,"showImageEffects":true,"showParticleSystems":true},"in2DMode":false,"pivot":{"x":0.5410041809082031,"y":0.31218743324279787,"z":-4.751457214355469},"rotation":{"x":-0.0023083311971277,"y":-0.9905272722244263,"z":0.1369709074497223,"w":-0.020689701661467553},"size":4.3480072021484379,"orthographic":false}