{"cameraMode":{"drawMode":0,"name":"Shaded","section":"Shading Mode"},"sceneLighting":true,"audioPlay":false,"sceneViewState":{"showFog":true,"showMaterialUpdate":true,"showSkybox":false,"showFlares":true,"showImageEffects":true,"showParticleSystems":true},"in2DMode":false,"pivot":{"x":0.3408341407775879,"y":-1.0258636474609376,"z":1.1924036741256714},"rotation":{"x":-0.10471656918525696,"y":-0.888221025466919,"z":0.3701091408729553,"w":-0.2512829899787903},"size":1.0521656274795533,"orthographic":false}