{"cameraMode":{"drawMode":0,"name":"Shaded","section":"Shading Mode"},"sceneLighting":true,"audioPlay":false,"sceneViewState":{"showFog":true,"showMaterialUpdate":true,"showSkybox":true,"showFlares":true,"showImageEffects":true,"showParticleSystems":true},"in2DMode":false,"pivot":{"x":-127.80325317382813,"y":-112.5473403930664,"z":14.950576782226563},"rotation":{"x":-0.1456388235092163,"y":-0.33633461594581606,"z":0.05241977795958519,"w":-0.9290155172348023},"size":45.568729400634769,"orthographic":false}