{"cameraMode":{"drawMode":0,"name":"Shaded","section":"Shading Mode"},"sceneLighting":false,"audioPlay":false,"sceneViewState":{"showFog":true,"showMaterialUpdate":false,"showSkybox":false,"showFlares":true,"showImageEffects":true,"showParticleSystems":true},"in2DMode":false,"pivot":{"x":0.0002951622009277344,"y":6.911829948425293,"z":-0.0002999305725097656},"rotation":{"x":0.11285042762756348,"y":-0.8514707088470459,"z":0.20457668602466584,"w":0.46955350041389468},"size":7.489645957946777,"orthographic":false}