{"cameraMode":{"drawMode":0,"name":"Shaded","section":"Shading Mode"},"sceneLighting":false,"audioPlay":false,"sceneViewState":{"showFog":true,"showMaterialUpdate":true,"showSkybox":false,"showFlares":true,"showImageEffects":true,"showParticleSystems":true},"in2DMode":false,"pivot":{"x":-6.5416107177734379,"y":0.1553342193365097,"z":-0.14515343308448792},"rotation":{"x":0.13719499111175538,"y":-0.4586595594882965,"z":0.07167145609855652,"w":0.8751412034034729},"size":0.08717083930969238,"orthographic":false}