{"cameraMode":{"drawMode":0,"name":"Shaded","section":"Shading Mode"},"sceneLighting":true,"audioPlay":false,"sceneViewState":{"showFog":true,"showMaterialUpdate":true,"showSkybox":true,"showFlares":true,"showImageEffects":true,"showParticleSystems":true},"in2DMode":false,"pivot":{"x":5.072438716888428,"y":0.9323322772979736,"z":2.449730634689331},"rotation":{"x":-0.09738584607839585,"y":-0.07365408539772034,"z":0.007308018859475851,"w":-0.9925581812858582},"size":1.9489905834197999,"orthographic":false}