{"cameraMode":{"drawMode":0,"name":"Shaded","section":"Shading Mode"},"sceneLighting":true,"audioPlay":false,"sceneViewState":{"showFog":true,"showMaterialUpdate":true,"showSkybox":false,"showFlares":true,"showImageEffects":true,"showParticleSystems":true},"in2DMode":false,"pivot":{"x":-11.08510971069336,"y":-7.824799060821533,"z":15.916603088378907},"rotation":{"x":0.18365168571472169,"y":-0.29561111330986025,"z":0.058026425540447238,"w":0.9357021450996399},"size":11.643181800842286,"orthographic":false}