{"cameraMode":{"drawMode":0,"name":"Shaded","section":"Shading Mode"},"sceneLighting":true,"audioPlay":false,"sceneViewState":{"showFog":true,"showMaterialUpdate":true,"showSkybox":true,"showFlares":true,"showImageEffects":true,"showParticleSystems":true},"in2DMode":false,"pivot":{"x":-6.080450057983398,"y":-4.004082202911377,"z":-6.647063255310059},"rotation":{"x":-0.10385989397764206,"y":0.08748454600572586,"z":-0.008710768073797226,"w":-0.9908527135848999},"size":0.4454980492591858,"orthographic":false}