{"cameraMode":{"drawMode":0,"name":"Shaded","section":"Shading Mode"},"sceneLighting":true,"audioPlay":false,"sceneViewState":{"showFog":true,"showMaterialUpdate":true,"showSkybox":false,"showFlares":true,"showImageEffects":true,"showParticleSystems":true},"in2DMode":false,"pivot":{"x":-0.5584810972213745,"y":0.2831505537033081,"z":-0.37712883949279787},"rotation":{"x":-0.12648645043373109,"y":-0.8320959806442261,"z":0.21185167133808137,"w":-0.496751993894577},"size":1.0521656274795533,"orthographic":false}