{"cameraMode":{"drawMode":0,"name":"Shaded","section":"Shading Mode"},"sceneLighting":false,"audioPlay":false,"sceneViewState":{"showFog":true,"showMaterialUpdate":true,"showSkybox":false,"showFlares":true,"showImageEffects":true,"showParticleSystems":true},"in2DMode":false,"pivot":{"x":-30.382043838500978,"y":-21.470088958740236,"z":13.52206039428711},"rotation":{"x":-0.050487566739320758,"y":-0.9457098245620728,"z":0.17977041006088258,"w":-0.2664027214050293},"size":6.36323356628418,"orthographic":false}