{"cameraMode":{"drawMode":0,"name":"Shaded","section":"Shading Mode"},"sceneLighting":false,"audioPlay":false,"sceneViewState":{"showFog":true,"showMaterialUpdate":false,"showSkybox":false,"showFlares":true,"showImageEffects":true,"showParticleSystems":true},"in2DMode":false,"pivot":{"x":-0.015325069427490235,"y":6.886214733123779,"z":0.0002751350402832031},"rotation":{"x":0.13554784655570985,"y":-0.78016197681427,"z":0.18126223981380464,"w":0.583253026008606},"size":8.399956703186036,"orthographic":false}