{"cameraMode":{"drawMode":0,"name":"Shaded","section":"Shading Mode"},"sceneLighting":true,"audioPlay":false,"sceneViewState":{"showFog":true,"showMaterialUpdate":true,"showSkybox":true,"showFlares":true,"showImageEffects":true,"showParticleSystems":true},"in2DMode":false,"pivot":{"x":-23.164440155029298,"y":-129.93490600585938,"z":13.967933654785157},"rotation":{"x":-0.1370869129896164,"y":-0.790526270866394,"z":0.5650294423103333,"w":-0.1929645538330078},"size":33.56800079345703,"orthographic":false}