{"cameraMode":{"drawMode":0,"name":"Shaded","section":"Shading Mode"},"sceneLighting":true,"audioPlay":false,"sceneViewState":{"showFog":true,"showMaterialUpdate":true,"showSkybox":true,"showFlares":true,"showImageEffects":true,"showParticleSystems":true},"in2DMode":false,"pivot":{"x":56.72180938720703,"y":-105.17726135253906,"z":-101.65628051757813},"rotation":{"x":-0.09202557057142258,"y":-0.1890024095773697,"z":0.01801663637161255,"w":-0.977643609046936},"size":3.2618327140808107,"orthographic":false}