{"cameraMode":{"drawMode":0,"name":"Shaded","section":"Shading Mode"},"sceneLighting":true,"audioPlay":false,"sceneViewState":{"showFog":true,"showMaterialUpdate":true,"showSkybox":false,"showFlares":true,"showImageEffects":true,"showParticleSystems":true},"in2DMode":false,"pivot":{"x":2.2648017406463625,"y":-10.332820892333985,"z":-21.31568145751953},"rotation":{"x":-0.01217472180724144,"y":-0.9751380681991577,"z":0.21428418159484864,"w":-0.05535228177905083},"size":12.331450462341309,"orthographic":false}