{"cameraMode":{"drawMode":0,"name":"Shaded","section":"Shading Mode"},"sceneLighting":false,"audioPlay":false,"sceneViewState":{"showFog":true,"showMaterialUpdate":true,"showSkybox":false,"showFlares":true,"showImageEffects":true,"showParticleSystems":true},"in2DMode":false,"pivot":{"x":-0.06359134614467621,"y":-3.291412353515625,"z":2.2927377223968508},"rotation":{"x":0.4635809659957886,"y":-0.033212315291166309,"z":0.017393505200743676,"w":0.8852649331092835},"size":2.443913459777832,"orthographic":false}