{"cameraMode":{"drawMode":0,"name":"Shaded","section":"Shading Mode"},"sceneLighting":true,"audioPlay":false,"sceneViewState":{"showFog":true,"showMaterialUpdate":true,"showSkybox":true,"showFlares":true,"showImageEffects":true,"showParticleSystems":true},"in2DMode":false,"pivot":{"x":4.64439058303833,"y":0.2215116024017334,"z":0.8138628005981445},"rotation":{"x":-0.26112255454063418,"y":-0.030939392745494844,"z":0.008459687232971192,"w":-0.964841365814209},"size":1.6489906311035157,"orthographic":false}