{"cameraMode":{"drawMode":0,"name":"Shaded","section":"Shading Mode"},"sceneLighting":false,"audioPlay":false,"sceneViewState":{"showFog":true,"showMaterialUpdate":true,"showSkybox":false,"showFlares":true,"showImageEffects":true,"showParticleSystems":true},"in2DMode":false,"pivot":{"x":-7.639636993408203,"y":-3.8735005855560304,"z":-0.08811116963624954},"rotation":{"x":0.22145147621631623,"y":-0.6889510154724121,"z":0.23390518128871919,"w":0.6495539546012878},"size":3.759119749069214,"orthographic":false}