{"cameraMode":{"drawMode":0,"name":"Shaded","section":"Shading Mode"},"sceneLighting":false,"audioPlay":false,"sceneViewState":{"showFog":true,"showMaterialUpdate":true,"showSkybox":false,"showFlares":true,"showImageEffects":true,"showParticleSystems":true},"in2DMode":false,"pivot":{"x":0.0002928115427494049,"y":0.023654084652662278,"z":0.021790266036987306},"rotation":{"x":-0.03576919063925743,"y":-0.8594285845756531,"z":0.0610492005944252,"w":-0.5065176486968994},"size":0.7566391825675964,"orthographic":false}