{"cameraMode":{"drawMode":0,"name":"Shaded","section":"Shading Mode"},"sceneLighting":false,"audioPlay":false,"sceneViewState":{"showFog":true,"showMaterialUpdate":true,"showSkybox":false,"showFlares":true,"showImageEffects":true,"showParticleSystems":true},"in2DMode":false,"pivot":{"x":0.012373246252536774,"y":0.06263907253742218,"z":0.0018124282360076905},"rotation":{"x":-0.03576919063925743,"y":-0.8594285845756531,"z":0.0610492005944252,"w":-0.5065176486968994},"size":0.1654239147901535,"orthographic":false}