{"cameraMode":{"drawMode":0,"name":"Shaded","section":"Shading Mode"},"sceneLighting":false,"audioPlay":false,"sceneViewState":{"showFog":true,"showMaterialUpdate":false,"showSkybox":false,"showFlares":true,"showImageEffects":true,"showParticleSystems":true},"in2DMode":false,"pivot":{"x":-0.18745297193527223,"y":7.3712921142578129,"z":-0.5180559754371643},"rotation":{"x":0.23223523795604707,"y":0.6462526321411133,"z":-0.2161320447921753,"w":0.6941255927085877},"size":15.834545135498047,"orthographic":false}