{"cameraMode":{"drawMode":0,"name":"Shaded","section":"Shading Mode"},"sceneLighting":false,"audioPlay":false,"sceneViewState":{"showFog":true,"showMaterialUpdate":true,"showSkybox":false,"showFlares":true,"showImageEffects":true,"showParticleSystems":true},"in2DMode":false,"pivot":{"x":0.01421065628528595,"y":0.04099190980195999,"z":-0.0002962648868560791},"rotation":{"x":-0.020208584144711496,"y":-0.9698851108551025,"z":0.22749416530132295,"w":-0.08591493964195252},"size":0.22629602253437043,"orthographic":false}