{"cameraMode":{"drawMode":0,"name":"Shaded","section":"Shading Mode"},"sceneLighting":true,"audioPlay":false,"sceneViewState":{"showFog":true,"showMaterialUpdate":true,"showSkybox":true,"showFlares":true,"showImageEffects":true,"showParticleSystems":true},"in2DMode":false,"pivot":{"x":7.015876293182373,"y":0.3274257183074951,"z":3.80454421043396},"rotation":{"x":0.29570499062538149,"y":-0.03239670768380165,"z":0.010048367083072663,"w":0.9549058079719544},"size":2.818140983581543,"orthographic":false}