{"cameraMode":{"drawMode":0,"name":"Shaded","section":"Shading Mode"},"sceneLighting":true,"audioPlay":false,"sceneViewState":{"showFog":false,"showMaterialUpdate":true,"showSkybox":false,"showFlares":false,"showImageEffects":false,"showParticleSystems":false},"in2DMode":false,"pivot":{"x":2.8782901763916017,"y":2.3844170570373537,"z":6.387901306152344},"rotation":{"x":0.012997318990528584,"y":-0.3478119671344757,"z":0.004662994295358658,"w":0.9376388788223267},"size":5.713971138000488,"orthographic":false}