{"cameraMode":{"drawMode":0,"name":"Shaded","section":"Shading Mode"},"sceneLighting":false,"audioPlay":false,"sceneViewState":{"showFog":true,"showMaterialUpdate":false,"showSkybox":false,"showFlares":true,"showImageEffects":true,"showParticleSystems":true},"in2DMode":false,"pivot":{"x":3.624624013900757,"y":-18.826099395751954,"z":-13.149413108825684},"rotation":{"x":-0.17668208479881288,"y":0.6966074109077454,"z":0.18369661271572114,"w":0.6707990765571594},"size":0.35416847467422488,"orthographic":false}