{"cameraMode":{"drawMode":0,"name":"Shaded","section":"Shading Mode"},"sceneLighting":false,"audioPlay":false,"sceneViewState":{"showFog":true,"showMaterialUpdate":true,"showSkybox":false,"showFlares":true,"showImageEffects":true,"showParticleSystems":true},"in2DMode":false,"pivot":{"x":0.0002962648868560791,"y":0.04099190980195999,"z":0.01421065628528595},"rotation":{"x":0.2731814980506897,"y":-0.4412602484226227,"z":0.14392498135566712,"w":0.8429539203643799},"size":0.22629597783088685,"orthographic":false}