{"cameraMode":{"drawMode":0,"name":"Shaded","section":"Shading Mode"},"sceneLighting":false,"audioPlay":false,"sceneViewState":{"showFog":true,"showMaterialUpdate":true,"showSkybox":false,"showFlares":true,"showImageEffects":true,"showParticleSystems":true},"in2DMode":false,"pivot":{"x":-19.786256790161134,"y":-91.65873718261719,"z":-7.401541709899902},"rotation":{"x":-0.23791563510894776,"y":0.743358314037323,"z":-0.33669865131378176,"w":-0.5273420214653015},"size":0.356208473443985,"orthographic":false}