{"cameraMode":{"drawMode":0,"name":"Shaded","section":"Shading Mode"},"sceneLighting":true,"audioPlay":false,"sceneViewState":{"showFog":true,"showMaterialUpdate":false,"showSkybox":true,"showFlares":true,"showImageEffects":true,"showParticleSystems":true},"in2DMode":false,"pivot":{"x":7.491024971008301,"y":-25.19474983215332,"z":18.146617889404298},"rotation":{"x":0.09964317083358765,"y":0.3169325590133667,"z":-0.03349688649177551,"w":0.9426977634429932},"size":12.473931312561036,"orthographic":false}