{"cameraMode":{"drawMode":0,"name":"Shaded","section":"Shading Mode"},"sceneLighting":true,"audioPlay":false,"sceneViewState":{"showFog":true,"showMaterialUpdate":true,"showSkybox":true,"showFlares":true,"showImageEffects":true,"showParticleSystems":true},"in2DMode":false,"pivot":{"x":6.509210109710693,"y":1.8244552612304688,"z":0.12182772159576416},"rotation":{"x":0.271419882774353,"y":0.0007946582627482712,"z":-0.0004887872491963208,"w":0.962694525718689},"size":1.175185203552246,"orthographic":false}