{"cameraMode":{"drawMode":0,"name":"Shaded","section":"Shading Mode"},"sceneLighting":true,"audioPlay":false,"sceneViewState":{"showFog":false,"showMaterialUpdate":true,"showSkybox":false,"showFlares":false,"showImageEffects":false,"showParticleSystems":false},"in2DMode":false,"pivot":{"x":2.5368595123291017,"y":-1.317464828491211,"z":-1.7736233472824097},"rotation":{"x":0.12744778394699098,"y":-0.7624086141586304,"z":0.15790516138076783,"w":0.6147255897521973},"size":6.307395935058594,"orthographic":false}