{"cameraMode":{"drawMode":0,"name":"Shaded","section":"Shading Mode"},"sceneLighting":false,"audioPlay":false,"sceneViewState":{"showFog":true,"showMaterialUpdate":true,"showSkybox":false,"showFlares":true,"showImageEffects":true,"showParticleSystems":true},"in2DMode":false,"pivot":{"x":-0.006597042083740234,"y":2.8380558490753176,"z":0.7538843154907227},"rotation":{"x":0.11759981513023377,"y":-0.19824209809303285,"z":0.02405487187206745,"w":0.9729334115982056},"size":6.918739318847656,"orthographic":false}