{"cameraMode":{"drawMode":0,"name":"Shaded","section":"Shading Mode"},"sceneLighting":false,"audioPlay":false,"sceneViewState":{"showFog":true,"showMaterialUpdate":true,"showSkybox":false,"showFlares":true,"showImageEffects":true,"showParticleSystems":true},"in2DMode":false,"pivot":{"x":0.8067374229431152,"y":3.993325710296631,"z":-2.578660011291504},"rotation":{"x":-0.029864244163036348,"y":-0.9711663126945496,"z":0.17388685047626496,"w":-0.16227281093597413},"size":14.407255172729493,"orthographic":false}