{"cameraMode":{"drawMode":0,"name":"Shaded","section":"Shading Mode"},"sceneLighting":true,"audioPlay":false,"sceneViewState":{"showFog":true,"showMaterialUpdate":false,"showSkybox":true,"showFlares":true,"showImageEffects":true,"showParticleSystems":true},"in2DMode":false,"pivot":{"x":13.746685028076172,"y":-23.79208755493164,"z":1.3625438213348389},"rotation":{"x":-0.015632474794983865,"y":0.9836610555648804,"z":-0.10546238720417023,"w":-0.14567680656909944},"size":1.107429027557373,"orthographic":false}