{"cameraMode":{"drawMode":0,"name":"Shaded","section":"Shading Mode"},"sceneLighting":false,"audioPlay":false,"sceneViewState":{"showFog":true,"showMaterialUpdate":true,"showSkybox":false,"showFlares":true,"showImageEffects":true,"showParticleSystems":true},"in2DMode":false,"pivot":{"x":-4.400000095367432,"y":-5.510000228881836,"z":-4.28000020980835},"rotation":{"x":0.36170995235443118,"y":0.17410974204540254,"z":-0.06810536980628967,"w":0.9136952757835388},"size":0.24494874477386475,"orthographic":false}