{"cameraMode":{"drawMode":0,"name":"Shaded","section":"Shading Mode"},"sceneLighting":false,"audioPlay":false,"sceneViewState":{"showFog":true,"showMaterialUpdate":false,"showSkybox":false,"showFlares":true,"showImageEffects":true,"showParticleSystems":true},"in2DMode":false,"pivot":{"x":-11.120859146118164,"y":-36.69186782836914,"z":-27.930265426635743},"rotation":{"x":0.1278543919324875,"y":-0.7534552812576294,"z":0.15374502539634705,"w":0.626436710357666},"size":2.8651843070983888,"orthographic":false}