{"cameraMode":{"drawMode":0,"name":"Shaded","section":"Shading Mode"},"sceneLighting":false,"audioPlay":false,"sceneViewState":{"showFog":true,"showMaterialUpdate":false,"showSkybox":false,"showFlares":true,"showImageEffects":true,"showParticleSystems":true},"in2DMode":false,"pivot":{"x":1.141434907913208,"y":-19.277681350708009,"z":6.700917720794678},"rotation":{"x":0.007563261315226555,"y":0.9759053587913513,"z":0.03426958993077278,"w":-0.21536846458911897},"size":1.9747297763824463,"orthographic":true}