{"cameraMode":{"drawMode":0,"name":"Shaded","section":"Shading Mode"},"sceneLighting":true,"audioPlay":false,"sceneViewState":{"showFog":true,"showMaterialUpdate":true,"showSkybox":true,"showFlares":true,"showImageEffects":true,"showParticleSystems":true},"in2DMode":false,"pivot":{"x":-92.26362609863281,"y":-117.69367218017578,"z":121.70893096923828},"rotation":{"x":0.11638193577528,"y":-0.44732043147087099,"z":0.05893547832965851,"w":0.8849819302558899},"size":0.023041963577270509,"orthographic":false}