{"cameraMode":{"drawMode":0,"name":"Shaded","section":"Shading Mode"},"sceneLighting":true,"audioPlay":false,"sceneViewState":{"showFog":true,"showMaterialUpdate":true,"showSkybox":true,"showFlares":true,"showImageEffects":true,"showParticleSystems":true},"in2DMode":false,"pivot":{"x":-8.82046890258789,"y":-21.87493896484375,"z":26.404932022094728},"rotation":{"x":-0.3086601197719574,"y":0.278374046087265,"z":-0.09519591927528382,"w":-0.904855489730835},"size":22.57002067565918,"orthographic":false}