{"cameraMode":{"drawMode":0,"name":"Shaded","section":"Shading Mode"},"sceneLighting":false,"audioPlay":false,"sceneViewState":{"showFog":true,"showMaterialUpdate":false,"showSkybox":false,"showFlares":true,"showImageEffects":true,"showParticleSystems":true},"in2DMode":false,"pivot":{"x":14.70048713684082,"y":-25.281166076660158,"z":3.185478687286377},"rotation":{"x":0.3905823230743408,"y":0.10078747570514679,"z":-0.04307360574603081,"w":0.914095401763916},"size":1.866729736328125,"orthographic":false}