{"cameraMode":{"drawMode":0,"name":"Shaded","section":"Shading Mode"},"sceneLighting":false,"audioPlay":false,"sceneViewState":{"showFog":true,"showMaterialUpdate":true,"showSkybox":false,"showFlares":true,"showImageEffects":true,"showParticleSystems":true},"in2DMode":false,"pivot":{"x":5.958427906036377,"y":0.9711164832115173,"z":3.9063680171966554},"rotation":{"x":-0.19555675983428956,"y":-0.1589534878730774,"z":0.03214183449745178,"w":-0.9671984314918518},"size":0.2334539294242859,"orthographic":false}