{"cameraMode":{"drawMode":0,"name":"Shaded","section":"Shading Mode"},"sceneLighting":true,"audioPlay":false,"sceneViewState":{"showFog":true,"showMaterialUpdate":true,"showSkybox":true,"showFlares":true,"showImageEffects":true,"showParticleSystems":true},"in2DMode":false,"pivot":{"x":-0.26167669892311098,"y":0.9535012245178223,"z":0.16042399406433106},"rotation":{"x":-0.20997825264930726,"y":0.05405629426240921,"z":-0.011192606762051583,"w":-0.9763900637626648},"size":1.5867912769317628,"orthographic":false}