{"cameraMode":{"drawMode":0,"name":"Shaded","section":"Shading Mode"},"sceneLighting":true,"audioPlay":false,"sceneViewState":{"showFog":true,"showMaterialUpdate":true,"showSkybox":true,"showFlares":true,"showImageEffects":true,"showParticleSystems":true},"in2DMode":false,"pivot":{"x":6.797171115875244,"y":0.6344112157821655,"z":1.2918646335601807},"rotation":{"x":-0.21081630885601045,"y":0.5709539651870728,"z":-0.15438036620616914,"w":-0.7785826325416565},"size":1.754645586013794,"orthographic":false}