{"cameraMode":{"drawMode":0,"name":"Shaded","section":"Shading Mode"},"sceneLighting":true,"audioPlay":false,"sceneViewState":{"showFog":true,"showMaterialUpdate":false,"showSkybox":true,"showFlares":true,"showImageEffects":true,"showParticleSystems":true},"in2DMode":false,"pivot":{"x":0.681613564491272,"y":-20.015281677246095,"z":-0.017082571983337404},"rotation":{"x":-0.28271740674972536,"y":-0.3630502223968506,"z":0.11670918017625809,"w":-0.8802626132965088},"size":6.016067028045654,"orthographic":false}