{"cameraMode":{"drawMode":0,"name":"Shaded","section":"Shading Mode"},"sceneLighting":true,"audioPlay":false,"sceneViewState":{"showFog":true,"showMaterialUpdate":false,"showSkybox":true,"showFlares":true,"showImageEffects":true,"showParticleSystems":true},"in2DMode":false,"pivot":{"x":19.52747344970703,"y":-28.04751968383789,"z":3.169170618057251},"rotation":{"x":-0.21104301512241364,"y":-0.5904291272163391,"z":0.1636209934949875,"w":-0.7616968750953674},"size":14.997001647949219,"orthographic":false}