{"cameraMode":{"drawMode":0,"name":"Shaded","section":"Shading Mode"},"sceneLighting":false,"audioPlay":false,"sceneViewState":{"showFog":true,"showMaterialUpdate":true,"showSkybox":true,"showFlares":true,"showImageEffects":true,"showParticleSystems":true},"in2DMode":false,"pivot":{"x":-19.394412994384767,"y":-95.89002990722656,"z":-8.697773933410645},"rotation":{"x":0.3653203248977661,"y":0.14105774462223054,"z":-0.05516264587640762,"w":0.9188196063041687},"size":3.23222279548645,"orthographic":false}