{"cameraMode":{"drawMode":0,"name":"Shaded","section":"Shading Mode"},"sceneLighting":true,"audioPlay":false,"sceneViewState":{"showFog":true,"showMaterialUpdate":true,"showSkybox":true,"showFlares":true,"showImageEffects":true,"showParticleSystems":true},"in2DMode":false,"pivot":{"x":-180.66390991210938,"y":-142.00228881835938,"z":224.20556640625},"rotation":{"x":0.18904723227024079,"y":-0.31529301404953005,"z":0.06533566862344742,"w":0.9280485510826111},"size":161.7115478515625,"orthographic":false}