{"cameraMode":{"drawMode":0,"name":"Shaded","section":"Shading Mode"},"sceneLighting":false,"audioPlay":false,"sceneViewState":{"showFog":true,"showMaterialUpdate":true,"showSkybox":false,"showFlares":true,"showImageEffects":true,"showParticleSystems":true},"in2DMode":false,"pivot":{"x":1.776153564453125,"y":-26.160192489624025,"z":-28.792129516601564},"rotation":{"x":-0.28928300738334658,"y":0.4485214054584503,"z":-0.15598833560943604,"w":-0.8314225077629089},"size":71.39642333984375,"orthographic":false}