{"cameraMode":{"drawMode":0,"name":"Shaded","section":"Shading Mode"},"sceneLighting":true,"audioPlay":false,"sceneViewState":{"showFog":true,"showMaterialUpdate":true,"showSkybox":true,"showFlares":true,"showImageEffects":true,"showParticleSystems":true},"in2DMode":false,"pivot":{"x":6.862379550933838,"y":0.7156683206558228,"z":8.506794929504395},"rotation":{"x":-0.10214940458536148,"y":-0.004753483459353447,"z":0.0006118243909440935,"w":-0.9949912428855896},"size":5.549788475036621,"orthographic":false}