{"cameraMode":{"drawMode":0,"name":"Shaded","section":"Shading Mode"},"sceneLighting":true,"audioPlay":false,"sceneViewState":{"showFog":true,"showMaterialUpdate":false,"showSkybox":true,"showFlares":true,"showImageEffects":true,"showParticleSystems":true},"in2DMode":false,"pivot":{"x":7.7200822830200199,"y":-27.24529266357422,"z":11.909554481506348},"rotation":{"x":0.28514885902404787,"y":-0.06433066725730896,"z":0.019181935116648675,"w":0.9562212228775024},"size":9.925203323364258,"orthographic":false}