{"cameraMode":{"drawMode":0,"name":"Shaded","section":"Shading Mode"},"sceneLighting":false,"audioPlay":false,"sceneViewState":{"showFog":true,"showMaterialUpdate":true,"showSkybox":false,"showFlares":true,"showImageEffects":true,"showParticleSystems":true},"in2DMode":false,"pivot":{"x":-19.786256790161134,"y":-98.08000183105469,"z":-7.405643939971924},"rotation":{"x":-0.23791563510894776,"y":0.743358314037323,"z":-0.33669865131378176,"w":-0.5273420214653015},"size":1.295085072517395,"orthographic":false}