{"cameraMode":{"drawMode":0,"name":"Shaded","section":"Shading Mode"},"sceneLighting":false,"audioPlay":false,"sceneViewState":{"showFog":true,"showMaterialUpdate":true,"showSkybox":false,"showFlares":true,"showImageEffects":true,"showParticleSystems":true},"in2DMode":false,"pivot":{"x":-5.068713665008545,"y":-0.9868355393409729,"z":2.4696695804595949},"rotation":{"x":-0.1751873642206192,"y":0.39506515860557558,"z":-0.07652275264263153,"w":-0.8988203406333923},"size":8.628827095031739,"orthographic":false}