{"cameraMode":{"drawMode":0,"name":"Shaded","section":"Shading Mode"},"sceneLighting":true,"audioPlay":false,"sceneViewState":{"showFog":true,"showMaterialUpdate":false,"showSkybox":true,"showFlares":true,"showImageEffects":true,"showParticleSystems":true},"in2DMode":false,"pivot":{"x":-34.00416946411133,"y":-34.1698112487793,"z":-2.5298752784729006},"rotation":{"x":-0.13304100930690766,"y":0.7187991738319397,"z":-0.14331622421741486,"w":-0.6672238707542419},"size":21.204856872558595,"orthographic":false}