{"cameraMode":{"drawMode":0,"name":"Shaded","section":"Shading Mode"},"sceneLighting":false,"audioPlay":false,"sceneViewState":{"showFog":true,"showMaterialUpdate":true,"showSkybox":false,"showFlares":true,"showImageEffects":true,"showParticleSystems":true},"in2DMode":false,"pivot":{"x":2.8989999294281008,"y":-18.33726692199707,"z":-7.450580596923828e-9},"rotation":{"x":-0.23791563510894776,"y":0.743358314037323,"z":-0.33669865131378176,"w":-0.5273420214653015},"size":0.10089521110057831,"orthographic":false}