{"cameraMode":{"drawMode":0,"name":"Shaded","section":"Shading Mode"},"sceneLighting":false,"audioPlay":false,"sceneViewState":{"showFog":true,"showMaterialUpdate":true,"showSkybox":false,"showFlares":true,"showImageEffects":true,"showParticleSystems":true},"in2DMode":false,"pivot":{"x":-7.035617351531982,"y":-0.11324004828929901,"z":-0.06424039602279663},"rotation":{"x":0.18409119546413423,"y":-0.39491549134254458,"z":0.08188268542289734,"w":0.8967010378837586},"size":1.4262962341308594,"orthographic":false}