{"cameraMode":{"drawMode":0,"name":"Shaded","section":"Shading Mode"},"sceneLighting":false,"audioPlay":false,"sceneViewState":{"showFog":true,"showMaterialUpdate":true,"showSkybox":false,"showFlares":true,"showImageEffects":true,"showParticleSystems":true},"in2DMode":false,"pivot":{"x":-19.76987648010254,"y":-91.33489990234375,"z":-6.861649036407471},"rotation":{"x":-0.053281646221876147,"y":0.9147124290466309,"z":-0.37964484095573428,"w":-0.13029736280441285},"size":0.44036775827407839,"orthographic":false}