{"cameraMode":{"drawMode":0,"name":"Shaded","section":"Shading Mode"},"sceneLighting":true,"audioPlay":false,"sceneViewState":{"showFog":true,"showMaterialUpdate":true,"showSkybox":true,"showFlares":true,"showImageEffects":true,"showParticleSystems":true},"in2DMode":false,"pivot":{"x":-162.20542907714845,"y":-31.211181640625,"z":-80.8195571899414},"rotation":{"x":-0.039065662771463397,"y":0.8684431910514832,"z":-0.06950511038303375,"w":-0.4895867705345154},"size":102.98821258544922,"orthographic":false}