{"cameraMode":{"drawMode":0,"name":"Shaded","section":"Shading Mode"},"sceneLighting":true,"audioPlay":false,"sceneViewState":{"showFog":true,"showMaterialUpdate":true,"showSkybox":true,"showFlares":true,"showImageEffects":true,"showParticleSystems":true},"in2DMode":false,"pivot":{"x":-3.794832944869995,"y":-41.376976013183597,"z":35.277225494384769},"rotation":{"x":-0.4092998206615448,"y":0.13056178390979768,"z":-0.05972502753138542,"w":-0.9013726115226746},"size":32.925621032714847,"orthographic":false}