{"cameraMode":{"drawMode":0,"name":"Shaded","section":"Shading Mode"},"sceneLighting":true,"audioPlay":false,"sceneViewState":{"showFog":true,"showMaterialUpdate":false,"showSkybox":true,"showFlares":true,"showImageEffects":true,"showParticleSystems":true},"in2DMode":false,"pivot":{"x":-1.2271469831466675,"y":-18.583681106567384,"z":-4.266291618347168},"rotation":{"x":-0.027792470529675485,"y":-0.9714800715446472,"z":0.18462862074375153,"w":-0.14622384309768678},"size":1.7336959838867188,"orthographic":false}