{"cameraMode":{"drawMode":0,"name":"Shaded","section":"Shading Mode"},"sceneLighting":true,"audioPlay":false,"sceneViewState":{"showFog":true,"showMaterialUpdate":false,"showSkybox":true,"showFlares":true,"showImageEffects":true,"showParticleSystems":true},"in2DMode":false,"pivot":{"x":-0.7037256956100464,"y":-19.50998306274414,"z":1.58851957321167},"rotation":{"x":0.012039806693792344,"y":0.9856842756271362,"z":-0.14777188003063203,"w":0.08031479269266129},"size":0.18973851203918458,"orthographic":false}