{"cameraMode":{"drawMode":0,"name":"Shaded","section":"Shading Mode"},"sceneLighting":false,"audioPlay":false,"sceneViewState":{"showFog":true,"showMaterialUpdate":false,"showSkybox":false,"showFlares":true,"showImageEffects":true,"showParticleSystems":true},"in2DMode":false,"pivot":{"x":0.9115143418312073,"y":-0.20250755548477174,"z":-0.046026140451431277},"rotation":{"x":-0.16499465703964234,"y":-0.6246548295021057,"z":0.13727256655693055,"w":-0.7508657574653626},"size":0.8432924151420593,"orthographic":false}