{"cameraMode":{"drawMode":0,"name":"Shaded","section":"Shading Mode"},"sceneLighting":false,"audioPlay":false,"sceneViewState":{"showFog":true,"showMaterialUpdate":false,"showSkybox":false,"showFlares":true,"showImageEffects":true,"showParticleSystems":true},"in2DMode":false,"pivot":{"x":2.406947135925293,"y":-34.61430358886719,"z":-14.735061645507813},"rotation":{"x":0.2520134747028351,"y":-0.7370395064353943,"z":0.5110934972763062,"w":0.36342936754226687},"size":11.009952545166016,"orthographic":false}