{"cameraMode":{"drawMode":0,"name":"Shaded","section":"Shading Mode"},"sceneLighting":false,"audioPlay":false,"sceneViewState":{"showFog":true,"showMaterialUpdate":false,"showSkybox":false,"showFlares":true,"showImageEffects":true,"showParticleSystems":true},"in2DMode":false,"pivot":{"x":7.450580596923828e-9,"y":0.07673197984695435,"z":-7.450580596923828e-9},"rotation":{"x":-0.04321583732962608,"y":-0.9310450553894043,"z":0.3428252041339874,"w":-0.11736425012350083},"size":0.1008947417140007,"orthographic":false}